<?xml version="1.0" encoding="UTF-8"?>
<restaurants>
    <restaurant>
        <name>Giovanni&apos;s Italia Fine Dinning</name>
        <logo><image width = "200" height = "200" src = "/img/logo.gif"></image></logo>
        <contact>
            <address>
                <st_number>2100</st_number>
                <street>Lakeview Road</street>
                <city>Toronto</city>
                <province>Ontario</province>
                <postal>K1K 1K1</postal>
                <country>Canada</country>
            </address>
            <phone>416-123-4567</phone>
        </contact>
        <website>www.giovannis.com</website>
        <food_type>Italian</food_type>
        <price_scale>4</price_scale>
        <reviews>
            <reviewer> 
                <first_name>Hunter</first_name>
                <middle_name>S</middle_name>
                <last_name>Thompson</last_name>
            </reviewer>
            <date>2020-01-10</date>
            <rating>4</rating>
            <summary>LGiovanni&apos;s Italia Fine Dinning is a completely restored Victorian stone house and offers a warm and elegant atmosphere and gracious service.</summary>
        </reviews>
        
        <menu>
            <appetizers>
                <appetizer>
                    <title>Crab cake</title>
                    <description>with a creamy dill sauce served with crispy herbed fries</description>
                    <price currency = "CAD" quantity="1">23.00</price>
                </appetizer>
                
                <appetizer>
                    <title>Garden vegetable soup</title>
                    <description>with chocolate sauce</description>
                    <price currency = "CAD" quantity="1">15.00</price>
                </appetizer>

                <appetizer>
                    <title>Calamari Fritta</title>
                    <description>Tender rings of squid, dusted in flour and lightly fried, served with sun-dried tomato aioli</description>
                    <price currency = "CAD"  quantity="1">12.50</price>
                </appetizer>

                <appetizer>
                    <title>Charcuterie Board</title>
                    <description>Selection of cheeses and cured meats served with a variety of breads and crostinis</description>
                    <price currency = "CAD" quantity="1">20.00</price>
                </appetizer>
            </appetizers>
            <entrees>
                <entree>
                    <title>House Specialty</title>
                    <description>Pan seared chicken supreme with a sun-dried tomato pistachio pesto cream sauce, served with roasted potatoes and seasonal vegetables</description>
                    <price currency = "CAD"  quantity="1">28.00</price>
                    <quantity>1</quantity>
                </entree>
                
                <entree>
                    <title>Braised jumbo sea scallops</title>
                    <desciption>on a sun-dried roast tomato base.</desciption>
                    <price currency = "CAD" quantity="1">39.00</price>
                </entree>
                
                <entree>
                    <title>Free-range chicken breast</title>
                    <desciption>stuffed with morels in a brandy sauce</desciption>
                    <price currency = "CAD" quantity="1">31.00</price>
                </entree>

                <entree>
                    <title>Eggplant Pamigiana</title>
                    <desciption>Fresh eggplant, thinly sliced and breaded, topped with tomato sauce and mozzarella cheese, baked golden brown. Served with linguine in tomato sauce.</desciption>
                    <price currency = "CAD" quantity="1">30.00</price>
                </entree>

                <entree>
                    <title>Roast pork loi</title>
                    <desciption>on a bed of garlic ginger apple slaw.</desciption>
                    <price currency = "CAD" quantity="1">34.00</price>
                </entree>
            </entrees>
        </menu>
    </restaurant>
    
    <restaurant>
        <name>Gong&apos;s Asian Cuisine</name>
        <logo><image width = "250" height = "250" src = "/resouce/images/cuisine.jpg"></image></logo>
        <Contact>
            <address>
                <apt_number>1385</apt_number>
                <street>Woodroffe Avenue</street>
                <city>Ottawa</city>
                <province>Ontario</province>
                <postal>K2G 1V8</postal>
                <country>Canada</country>
            </address>
            <phone>613-727-4723</phone>
        </Contact>
        <area_code>613</area_code>
        <website>www.asiancuisine.com</website>
        <food_type>Asian</food_type>
        <price_scale>1</price_scale>
        <reviews>
                <reviewer>
                    <first_name>Brenda</first_name>
                    <middle_name>P</middle_name>
                    <last_name>Smith</last_name>
                </reviewer>
                
                <date>2020-12-03</date>
                <rating>5</rating>
                <summary>The food is always consistent. A good variety of dim sum, sushi, Chinese and
                    even Vietnamese dishes. The service is quick and the food is plentiful. We sat
                    down last night and within seconds of turning in our first order, the plates were on
                    the table! The teriyaki dishes had the right amount of sauce and weren&apos;t
                    sickeningly sweet. The chicken, fish, and beef were perfectly cooked. The makirolls
                    were neatly rolled, cut properly and seasoned well. Loved the General Tao
                    chicken, the steamed BBQ pork buns, the eel sushi and the lovely eggplant. We
                    will be going back again! I would highly recommend it.</summary>
        </reviews>
        
        <menu>
            <appetizers>
                <appetizer>
                    <title>Egg Roll</title>
                    <description></description>
                    <price currency = "CAD" quantity="12">15.00</price>
                    <price currency = "CAD" quantity="1">1.50</price>
                </appetizer>
                
                <appetizer>
                    <title>Spring Roll</title>
                    <description></description>
                    <price currency = "CAD" quantity="12">20.00</price>
                    <price currency = "CAD" quantity="1">1.90</price>
                </appetizer>
                
                <appetizer>
                    <title>Shrimp Chips</title>
                    <description></description>
                    <price currency = "CAD" quantity="1">2.50</price>
                </appetizer>
                
                <appetizer>
                    <title>Fried Noodles</title>
                    <description></description>
                    <price currency = "CAD" quantity="1">1.00</price>
                </appetizer>
                
                <appetizer>
                    <title>Sweet &amp; Sour Fried Wonton Skin</title>
                    <description></description>
                    <price currency = "CAD" quantity="12">3.50</price>
                </appetizer>
            </appetizers>
            <entrees>
                <entree>
                    <title>Scallops with Vegetables</title>
                    <description></description>
                        <price currency = "CAD" quantity="1">14.95</price>
                </entree>
                
                <entree>
                    <title>Sweet and Sour Fish Cantonese Style</title>
                    <desciption></desciption>
                        <price currency = "CAD" quantity="1">13.95</price>
                </entree>
                
                <entree>
                    <title>Shrimps with Vegetables</title>
                    <desciption></desciption>
                    <price currency = "CAD" quantity="1">12.95</price>
                </entree>
                
                <entree>
                    <title>Beef with Mushroom</title>
                    <description></description>
                    <price currency = "CAD" quantity="1">12.25</price>
                </entree>
                
                <entree>
                    <title>Beef with Tomato</title>
                    <desciption></desciption>
                    <price currency = "CAD" quantity="1">10.25</price>
                </entree>
                
                <entree>
                    <title>Beef with Broccoli</title>
                    <desciption></desciption>
                        <price currency = "CAD" quantity="1">9.25</price>
                </entree>
            </entrees>
        </menu>
    </restaurant>

    <restaurant>
        <name>Baker Street TexMex Grill</name>
        <logo><image width = "150" height = "150" src = "/images/texmex.jpg"></image></logo>
        <Contact>
            <address>
                <apt_number>200</apt_number>
                <street>Baker Street</street>
                <city>Ottawa</city>
                <province>Ontario</province>
                <postal>B1G 1V1</postal>
                <country>Canada</country>
            </address>
            <phone>613-333-4444</phone>
        </Contact>
        <area_code>613</area_code>
        <website>www.texmaxgrill.com</website>
        <food_type>Mexican</food_type>
        <price_scale>2</price_scale>
        <reviews>
                <reviewer>
                    <first_name>Peter</first_name>
                    <middle_name></middle_name>
                    <last_name>Jones</last_name>
                </reviewer>
                
                <date>2021-01-03</date>
                <rating>5</rating>
                <summary>My favorite restaurant in Ottawa. The family who owns it are very warm and
                    lovely people. They are incredible at recognizing you when you come back. The
                    burritos are super good. You can customize however you want (guac is included!).
                    I especially love that there is cactus in the veggie mix; it is a small, special thing
                    that sets this place apart from other Mexican spots downtown.</summary>
        </reviews>
        
        <menu>
            <appetizers>
                <appetizer>
                    <title>Chips and Pico De Gallo</title>
                    <description>Gluten friendly, vegan, vegetarian</description>
                    <price currency = "CAD" quantity="1">7.75</price>
                </appetizer>
                
                <appetizer>
                    <title>Chips and Black Beans and Cheese</title>
                    <description></description>
                    <price currency = "CAD" quantity="1">8.75</price>
                </appetizer>
                
                <appetizer>
                    <title>Sopa de Tortilla</title>
                    <description>Tomato-based soup topped with homemade tortilla strips, sour cream, cheese, and avocado</description>
                    <price currency = "CAD" quantity="1">6.75</price>
                </appetizer>
                
                <appetizer>
                    <title>Consome de Pollo</title>
                    <description>Chicken broth with rice, chickpeas, carrots, peas, and
                        shredded chicken, served with cilantro, onion, avocado, and lime</description>
                    <price currency = "CAD" quantity="1">9.75</price>
                </appetizer>
            </appetizers>
            <entrees>
                <entree>
                    <title>Burrito</title>
                    <description>Ten-inch flour tortilla filled with black beans, rice, lettuce, cheese, pico de gallo,
                        guacamole, and choice of protein</description>
                    <price currency = "CAD" quantity="1">10.50</price>
                </entree>
                
                <entree>
                    <title>Burrito Combo</title>
                    <desciption>Ten-inch flour tortilla filled with black beans, rice, lettuce, cheese, pico de gallo,
                        guacamole, and choice of protein</desciption>
                    <price currency = "CAD" quantity="1">13.50</price>
                </entree>
                
                <entree>
                    <title>Burrito Roja</title>
                    <desciption>Ten-inch flour tortilla filled with Mexican rice, black beans, guacamole, and
                        choice of protein. Bathed in Chilaquile&apos;s homemade salsa roja.</desciption>
                    <price currency = "CAD" quantity="1">16.50</price>
                </entree>
                
                <entree>
                    <title>Enchiladas (3 pcs)</title>
                    <description>Gluten friendly. Lightly sauteed corn tortillas, choice of filling, covered in
                        Chilaquile&apos;s homemade salsa verde or salsa roja, topped with onions</description>
                    <price currency = "CAD" quantity="3">18.50</price>
                </entree>
                
                <entree>
                    <title>Enchiladas de Mole (3 pcs)</title>
                    <desciption>Gluten friendly. Lightly sauteed corn tortillas, choice of filling, covered in mole
                        sauce, topped with onions, sour cream, and crumbled cheese</desciption>
                    <price currency = "CAD" quantity="3">20.50</price>
                </entree>
            
            </entrees>
        </menu>
    </restaurant>
</restaurants>